title,description,user_id
システム設計,"システム設計には多くの要因が影響します。要求の明確化、適切な技術選定、スケーラビリティの考慮等が重要です。こうした側面を見極め、効率的かつ効果的なシステムを構築する必要があります。",1
データセキュリティ,"データセキュリティは、企業が持つ重要な情報を保護するための重要な要素です。最新のセキュリティ技術とプロトコルを利用し、データ漏洩リスクを最小限に抑える必要があります。",1
クラウドサービス,"クラウドサービスは、柔軟性とスケーラビリティを提供します。適切なサービスを選定し、企業のニーズに最適化することで、ビジネスの効率化と成長を促進できます。",1
ネットワーク管理,"ネットワーク管理では、通信の安定性とセキュリティが求められます。最新のネットワーク技術を適用し、システムの耐障害性を確保しつつ、効率的な通信環境を構築します。",1
プロジェクトマネージメント,"プロジェクトマネージメントは、プロジェクトの目標達成を支える要素です。計画の立案から実行、評価までのプロセスを遵守し、各ステージでのクオリティを確保する必要があります。",1
AI技術,"AI技術の進展により、多くの業務プロセスが自動化されています。データ解析から予測、最適化まで、AIのポテンシャルを最大限に引き出し、ビジネス価値を創出します。",2
データベース最適化,"データベースの最適化は、システムパフォーマンスの向上に寄与します。適切なインデックス設定、クエリ最適化等を行い、データアクセスの高速化を図ります。",2
ソフトウェア開発ライフサイクル,"ソフトウェア開発において、ライフサイクルの各段階で品質を確保することが重要です。設計、実装、テスト、デプロイの各ステージでの品質管理が必須となります。",2
フロントエンド開発,"フロントエンド開発では、ユーザビリティとアクセシビリティの両方を考慮する必要があります。ユーザーの期待に応えつつ、快適なユーザー体験を提供します。",2
バックエンドロジック,"バックエンドのロジック構築は、システムの核心となります。ビジネスロジックを正確に実装し、データ整合性とセキュリティを保つことが不可欠です。",2
アジャイル開発,"アジャイル開発は、柔軟かつ迅速な開発サイクルを可能にします。変更に強く、ユーザーのフィードバックを迅速に取り入れ、プロダクトの質を向上させます。",3
DevOps導入,"DevOpsは、開発と運用の連携を強化し、システムの信頼性と効率性を向上させます。自動化と協力によって、より迅速かつ確実なデリバリーを実現します。",3
モバイルアプリ開発,"モバイルアプリの開発は、ユーザーの多様なニーズに対応するための戦略です。直感的なUI/UX設計と安定した動作が求められ、ユーザー満足度の向上に寄与します。",3
API設計,"APIの設計は、システム間の効率的なデータ交換を実現します。堅牢かつ拡張性のあるAPIを設計し、外部システムとの連携をスムーズに行います。",3
ウェブセキュリティ,"ウェブセキュリティは、オンラインでのビジネス活動を支える基盤です。最新のセキュリティ対策を講じ、ユーザーのデータと企業のリソースを保護します。",3
